,Phrase,depending,necessary,appropriate,inappropriate,as_needed,as_applicable,when_applicable,if_applicable,where_applicable,when_needed,if_needed,where_needed,reasonable,reasonablyotherwise_reasonably,sometimes,from_time_to_time,generally,mostly,widely,general,commonly,usually,normally,typically,largely,often,primarily,among other things,may,might,can,could,would,likely,possible,possibly,anyone,certain,everyone,numerous,some,most,few,much,many,various,include,limited_to,including_but_not_limited to
0,"you use these services, you’ll share some information with us.",0,0,0,0,0,0,0,0,0,0,0,0,0,0,0,0,0,0,0,0,0,0,0,0,0,0,0,0,0,0,0,0,0,0,0,0,0,0,0,0,1,0,0,0,0,0,0,0,0
1,and it’s why we’ve tried to write it in a way that’s blissfully free of the legalese that often clouds these documents.,0,0,0,0,0,0,0,0,0,0,0,0,0,0,0,0,0,0,0,0,0,0,0,0,0,1,0,0,0,0,0,0,0,0,0,0,0,0,0,0,0,0,0,0,0,0,0,0,0
2,"of course, if you still have questions about anything in our privacy policy, just contact us.you should read our entire privacy policy, but when you only have a few minutes or want to remember something later on, you can always take a look at this summary—so you can review some of the basics in just a few minutes.information",0,0,0,0,0,0,0,0,0,0,0,0,0,0,0,0,0,0,0,0,0,0,0,0,0,0,0,0,0,0,1,0,0,0,0,0,0,0,0,0,1,0,1,0,0,0,0,0,0
3,"of course, if you still have questions about anything in our privacy policy, just contact us.you should read our entire privacy policy, but when you only have a few minutes or want to remember something later on, you can always take a look at this summary—so you can review some of the basics in just a few minutes.information",0,0,0,0,0,0,0,0,0,0,0,0,0,0,0,0,0,0,0,0,0,0,0,0,0,0,0,0,0,0,1,0,0,0,0,0,0,0,0,0,1,0,1,0,0,0,0,0,0
4,"of course, if you still have questions about anything in our privacy policy, just contact us.you should read our entire privacy policy, but when you only have a few minutes or want to remember something later on, you can always take a look at this summary—so you can review some of the basics in just a few minutes.information",0,0,0,0,0,0,0,0,0,0,0,0,0,0,0,0,0,0,0,0,0,0,0,0,0,0,0,0,0,0,1,0,0,0,0,0,0,0,0,0,1,0,1,0,0,0,0,0,0
5,"of course, if you still have questions about anything in our privacy policy, just contact us.you should read our entire privacy policy, but when you only have a few minutes or want to remember something later on, you can always take a look at this summary—so you can review some of the basics in just a few minutes.information",0,0,0,0,0,0,0,0,0,0,0,0,0,0,0,0,0,0,0,0,0,0,0,0,0,0,0,0,0,0,1,0,0,0,0,0,0,0,0,0,1,0,1,0,0,0,0,0,0
6,"of course, if you still have questions about anything in our privacy policy, just contact us.you should read our entire privacy policy, but when you only have a few minutes or want to remember something later on, you can always take a look at this summary—so you can review some of the basics in just a few minutes.information",0,0,0,0,0,0,0,0,0,0,0,0,0,0,0,0,0,0,0,0,0,0,0,0,0,0,0,0,0,0,1,0,0,0,0,0,0,0,0,0,1,0,1,0,0,0,0,0,0
7,"for example, most of our services require you to set up a snapchat account, so we need to collect a few important details about you, such as your name, username, password, email address, phone number, and date of birth.",0,0,0,0,0,0,0,0,0,0,0,0,0,0,0,0,0,0,0,0,0,0,0,0,0,0,0,0,0,0,0,0,0,0,0,0,0,0,0,0,0,1,1,0,0,0,0,0,0
8,"for example, most of our services require you to set up a snapchat account, so we need to collect a few important details about you, such as your name, username, password, email address, phone number, and date of birth.",0,0,0,0,0,0,0,0,0,0,0,0,0,0,0,0,0,0,0,0,0,0,0,0,0,0,0,0,0,0,0,0,0,0,0,0,0,0,0,0,0,1,1,0,0,0,0,0,0
9,"we may also ask you to provide us with some additional information that will be publicly visible on our services, such as a profile picture or bitmoji avatar.",0,0,0,0,0,0,0,0,0,0,0,0,0,0,0,0,0,0,0,0,0,0,0,0,0,0,0,0,1,0,0,0,0,0,0,0,0,0,0,0,1,0,0,0,0,0,0,0,0
10,"we may also ask you to provide us with some additional information that will be publicly visible on our services, such as a profile picture or bitmoji avatar.",0,0,0,0,0,0,0,0,0,0,0,0,0,0,0,0,0,0,0,0,0,0,0,0,0,0,0,0,1,0,0,0,0,0,0,0,0,0,0,0,1,0,0,0,0,0,0,0,0
11,"other services, such as commerce products, may require you to provide us with a debit or credit card number and its associated account information.of course, you’ll also provide us whatever information you send through our services, such as snaps and chats.",0,0,0,0,0,0,0,0,0,0,0,0,0,0,0,0,0,0,0,0,0,0,0,0,0,0,0,0,1,0,0,0,0,0,0,0,0,0,0,0,0,0,0,0,0,0,0,0,0
12,"keep in mind that the users who view your snaps, chats, and any other content can always save that content or copy it outside the app.",0,0,0,0,0,0,0,0,0,0,0,0,0,0,0,0,0,0,0,0,0,0,0,0,0,0,0,0,0,0,1,0,0,0,0,0,0,0,0,0,0,0,0,0,0,0,0,0,0
13,"so, the same common sense that applies to the internet at large applies to snapchat as well: don’t send messages or share content that you wouldn’t want someone to save or share.when",0,0,0,0,0,0,0,0,0,0,0,0,0,0,0,0,0,0,0,0,0,0,0,0,0,0,0,0,0,0,0,0,1,0,0,0,0,0,0,0,0,0,0,0,0,0,0,0,0
14,"we might know, for instance, that you watched a particular story, saw a specific ad for a certain period of time, and sent a few snaps.",0,0,0,0,0,0,0,0,0,0,0,0,0,0,0,0,0,0,0,0,0,0,0,0,0,0,0,0,0,1,0,0,0,0,0,0,0,1,0,0,0,0,1,0,0,0,0,0,0
15,"we might know, for instance, that you watched a particular story, saw a specific ad for a certain period of time, and sent a few snaps.",0,0,0,0,0,0,0,0,0,0,0,0,0,0,0,0,0,0,0,0,0,0,0,0,0,0,0,0,0,1,0,0,0,0,0,0,0,1,0,0,0,0,1,0,0,0,0,0,0
16,"we might know, for instance, that you watched a particular story, saw a specific ad for a certain period of time, and sent a few snaps.",0,0,0,0,0,0,0,0,0,0,0,0,0,0,0,0,0,0,0,0,0,0,0,0,0,0,0,0,0,1,0,0,0,0,0,0,0,1,0,0,0,0,1,0,0,0,0,0,0
17,"for example, we may collect information about:how you interact with our services, such as which filters you view or apply to snaps, which stories you watch on discover, whether you’re using spectacles, or which search queries you",0,0,0,0,0,0,0,0,0,0,0,0,0,0,0,0,0,0,0,0,0,0,0,0,0,0,0,0,1,0,0,0,0,0,0,0,0,0,0,0,0,0,0,0,0,0,0,0,0
18,"submit.how you communicate with other snapchatters, such as their names, the time and date of your communications, the number of messages you exchange with your friends, which friends you exchange messages with the most, and your interactions with messages (such as when you open a message or capture a screenshot).content information.",0,0,0,0,0,0,0,0,0,0,0,0,0,0,0,0,0,0,0,0,0,0,0,0,0,0,0,0,0,0,0,0,0,0,0,0,0,0,0,0,0,1,0,0,0,0,0,0,0
19,"because snapchat is all about communicating with friends, we may—with your permission—collect information from your device’s phonebook.camera and photos.",0,0,0,0,0,0,0,0,0,0,0,0,0,0,0,0,0,0,0,0,0,0,0,0,0,0,0,0,1,0,0,0,0,0,0,0,0,0,0,0,0,0,0,0,0,0,0,0,0
20,many of our services require us to collect images and other information from your device’s camera and photos.,0,0,0,0,0,0,0,0,0,0,0,0,0,0,0,0,0,0,0,0,0,0,0,0,0,0,0,0,0,0,0,0,0,0,0,0,0,0,0,0,0,0,0,0,1,0,0,0,0
21,"for example, you won’t be able to send snaps or upload photos from your camera roll unless we can access your camera or photos.location information.",0,0,0,0,0,0,0,0,0,0,0,0,0,0,0,0,0,0,0,0,0,0,0,0,0,0,0,0,0,0,1,0,0,0,0,0,0,0,0,0,0,0,0,0,0,0,0,0,0
22,when you use our services we may collect information about your location.,0,0,0,0,0,0,0,0,0,0,0,0,0,0,0,0,0,0,0,0,0,0,0,0,0,0,0,0,1,0,0,0,0,0,0,0,0,0,0,0,0,0,0,0,0,0,0,0,0
23,"with your permission, we may also collect information about your precise location using methods that include gps, wireless networks, cell towers, wi-fi access points, and other sensors, such as gyroscopes, accelerometers, and compasses.information collected by cookies and other technologies.",0,0,0,0,0,0,0,0,0,0,0,0,0,0,0,0,0,0,0,0,0,0,0,0,0,0,0,0,1,0,0,0,0,0,0,0,0,0,0,0,0,0,0,0,0,0,1,0,0
24,"with your permission, we may also collect information about your precise location using methods that include gps, wireless networks, cell towers, wi-fi access points, and other sensors, such as gyroscopes, accelerometers, and compasses.information collected by cookies and other technologies.",0,0,0,0,0,0,0,0,0,0,0,0,0,0,0,0,0,0,0,0,0,0,0,0,0,0,0,0,1,0,0,0,0,0,0,0,0,0,0,0,0,0,0,0,0,0,1,0,0
25,"like most online services and mobile applications, we may use cookies and other technologies, such as web beacons, web storage, and unique advertising identifiers, to collect information about your activity, browser, and device.",0,0,0,0,0,0,0,0,0,0,0,0,0,0,0,0,0,0,0,0,0,0,0,0,0,0,0,0,1,0,0,0,0,0,0,0,0,0,0,0,0,1,0,0,0,0,0,0,0
26,"like most online services and mobile applications, we may use cookies and other technologies, such as web beacons, web storage, and unique advertising identifiers, to collect information about your activity, browser, and device.",0,0,0,0,0,0,0,0,0,0,0,0,0,0,0,0,0,0,0,0,0,0,0,0,0,0,0,0,1,0,0,0,0,0,0,0,0,0,0,0,0,1,0,0,0,0,0,0,0
27,"we may also use these technologies to collect information when you interact with services we offer through one of our partners, such as advertising and commerce features.",0,0,0,0,0,0,0,0,0,0,0,0,0,0,0,0,0,0,0,0,0,0,0,0,0,0,0,0,1,0,0,0,0,0,0,0,0,0,0,0,0,0,0,0,0,0,0,0,0
28,"for example, we may use information collected on other websites to show you more relevant ads.",0,0,0,0,0,0,0,0,0,0,0,0,0,0,0,0,0,0,0,0,0,0,0,0,0,0,0,0,1,0,0,0,0,0,0,0,0,0,0,0,0,0,0,0,0,0,0,0,0
29,most web browsers are set to accept cookies by default.,0,0,0,0,0,0,0,0,0,0,0,0,0,0,0,0,0,0,0,0,0,0,0,0,0,0,0,0,0,0,0,0,0,0,0,0,0,0,0,0,0,1,0,0,0,0,0,0,0
30,"if you prefer, you can usually remove or reject browser cookies through the settings on your browser or device.",0,0,0,0,0,0,0,0,0,0,0,0,0,0,0,0,0,0,0,0,0,1,0,0,0,0,0,0,0,0,1,0,0,0,0,0,0,0,0,0,0,0,0,0,0,0,0,0,0
31,"if you prefer, you can usually remove or reject browser cookies through the settings on your browser or device.",0,0,0,0,0,0,0,0,0,0,0,0,0,0,0,0,0,0,0,0,0,1,0,0,0,0,0,0,0,0,1,0,0,0,0,0,0,0,0,0,0,0,0,0,0,0,0,0,0
32,"keep in mind, though, that removing or rejecting cookies could affect the availability and functionality of our services.",0,0,0,0,0,0,0,0,0,0,0,0,0,0,0,0,0,0,0,0,0,0,0,0,0,0,0,0,0,0,0,1,0,0,0,0,0,0,0,0,0,0,0,0,0,0,0,0,0
33,"viewed;ip address;identifiers associated with cookies or other technologies that may uniquely identify your device or browser; andpages you visited before or after navigating to our website.information we collect from third partieswe may collect information about you from other users, our affiliates, and third parties.",0,0,0,0,0,0,0,0,0,0,0,0,0,0,0,0,0,0,0,0,0,0,0,0,0,0,0,0,1,0,0,0,0,0,0,0,0,0,0,0,0,0,0,0,0,0,0,0,0
34,"viewed;ip address;identifiers associated with cookies or other technologies that may uniquely identify your device or browser; andpages you visited before or after navigating to our website.information we collect from third partieswe may collect information about you from other users, our affiliates, and third parties.",0,0,0,0,0,0,0,0,0,0,0,0,0,0,0,0,0,0,0,0,0,0,0,0,0,0,0,0,1,0,0,0,0,0,0,0,0,0,0,0,0,0,0,0,0,0,0,0,0
35,"here are a few examples:if you link your snapchat account to another service (like bitmoji or a third-party app), we may receive information from the other service, like how you use that service.advertisers, app developers, publishers, and other third parties may share information with us as well.",0,0,0,0,0,0,0,0,0,0,0,0,0,0,0,0,0,0,0,0,0,0,0,0,0,0,0,0,1,0,0,0,0,0,0,0,0,0,0,0,0,0,1,0,0,0,0,0,0
36,"here are a few examples:if you link your snapchat account to another service (like bitmoji or a third-party app), we may receive information from the other service, like how you use that service.advertisers, app developers, publishers, and other third parties may share information with us as well.",0,0,0,0,0,0,0,0,0,0,0,0,0,0,0,0,0,0,0,0,0,0,0,0,0,0,0,0,1,0,0,0,0,0,0,0,0,0,0,0,0,0,1,0,0,0,0,0,0
37,"here are a few examples:if you link your snapchat account to another service (like bitmoji or a third-party app), we may receive information from the other service, like how you use that service.advertisers, app developers, publishers, and other third parties may share information with us as well.",0,0,0,0,0,0,0,0,0,0,0,0,0,0,0,0,0,0,0,0,0,0,0,0,0,0,0,0,1,0,0,0,0,0,0,0,0,0,0,0,0,0,1,0,0,0,0,0,0
38,"we may use this information, among other ways, to help target or measure the performance of ads.",0,0,0,0,0,0,0,0,0,0,0,0,0,0,0,0,0,0,0,0,0,0,0,0,0,0,0,0,1,0,0,0,0,0,0,0,0,0,0,0,0,0,0,0,0,0,0,0,0
39,"you can learn more about our use of this kind of third-party data in our support center.if another user uploads their contact list, we may combine information from that user’s contact list with other information we have collected about you.how",0,0,0,0,0,0,0,0,0,0,0,0,0,0,0,0,0,0,0,0,0,0,0,0,0,0,0,0,1,0,1,0,0,0,0,0,0,0,0,0,0,0,0,0,0,0,0,0,0
40,"you can learn more about our use of this kind of third-party data in our support center.if another user uploads their contact list, we may combine information from that user’s contact list with other information we have collected about you.how",0,0,0,0,0,0,0,0,0,0,0,0,0,0,0,0,0,0,0,0,0,0,0,0,0,0,0,0,1,0,1,0,0,0,0,0,0,0,0,0,0,0,0,0,0,0,0,0,0
41,"for example, we may use email to respond to support inquiries or to share information about our products, services, and promotional offers that we think may interest you.monitor and analyze trends and usage.personalize our services by, among_other_things , suggesting friends, profile information, or bitmoji stickers, or customizing the content we show you, including ads.contextualize your experience by, among_other_things , tagging your memories content using your precise location information",0,0,0,0,0,0,0,0,0,0,0,0,0,0,0,0,0,0,0,0,0,0,0,0,0,0,0,0,1,0,0,0,0,0,0,0,0,0,0,0,0,0,0,0,0,0,0,0,0
42,"for example, we may use email to respond to support inquiries or to share information about our products, services, and promotional offers that we think may interest you.monitor and analyze trends and usage.personalize our services by, among_other_things , suggesting friends, profile information, or bitmoji stickers, or customizing the content we show you, including ads.contextualize your experience by, among_other_things , tagging your memories content using your precise location information",0,0,0,0,0,0,0,0,0,0,0,0,0,0,0,0,0,0,0,0,0,0,0,0,0,0,0,0,1,0,0,0,0,0,0,0,0,0,0,0,0,0,0,0,0,0,0,0,0
43,see the control over your information section below for more information about snap inc.’s advertising practices and your choices.enhance the safety and security of our products and services.verify your identity and prevent fraud or other unauthorized or illegal activity.use information we’ve collected from cookies and other technology to enhance our services and your experience with them.enforce our terms of service and other usage policies and comply with legal requirements.we may also use information from apple’s truedepth camera to improve the quality of lenses.,0,0,0,0,0,0,0,0,0,0,0,0,0,0,0,0,0,0,0,0,0,0,0,0,0,0,0,0,1,0,0,0,0,0,0,0,0,0,0,0,0,0,0,0,0,0,0,0,0
44,information from the truedepth camera is used in real time—we don’t store this information on our servers or share it with third parties.how we share informationwe may share information about you in the following ways:with other snapchatters.,0,0,0,0,0,0,0,0,0,0,0,0,0,0,0,0,0,0,0,0,0,0,0,0,0,0,0,0,1,0,0,0,0,0,0,0,0,0,0,0,0,0,0,0,0,0,0,0,0
45,"we may share the following information with other snapchatters:information about you, such as your username, name, and bitmoji.information about how you have interacted with our services, such as your snapchat “score,” the names of snapchatters you are friends with, and other information that will help snapchatters understand your connections with others using our services.",0,0,0,0,0,0,0,0,0,0,0,0,0,0,0,0,0,0,0,0,0,0,0,0,0,0,0,0,1,0,0,0,0,0,0,0,0,0,0,0,0,0,0,0,0,0,0,0,0
46,"for example, because it may not be clear whether a new friend request comes from someone you actually know, we may share whether you and the requestor have snapchat friends in common.any additional information you have directed us to share.",0,0,0,0,0,0,0,0,0,0,0,0,0,0,0,0,0,0,0,0,0,0,0,0,0,0,0,0,1,0,0,0,0,0,0,0,0,0,0,0,0,0,0,0,0,0,0,0,0
47,"for example, because it may not be clear whether a new friend request comes from someone you actually know, we may share whether you and the requestor have snapchat friends in common.any additional information you have directed us to share.",0,0,0,0,0,0,0,0,0,0,0,0,0,0,0,0,0,0,0,0,0,0,0,0,0,0,0,0,1,0,0,0,0,0,0,0,0,0,0,0,0,0,0,0,0,0,0,0,0
48,how widely your content is shared depends on your personal settings and the type of service you are using.,0,0,0,0,0,0,0,0,0,0,0,0,0,0,0,0,0,0,1,0,0,0,0,0,0,0,0,0,0,0,0,0,0,0,0,0,0,0,0,0,0,0,0,0,0,0,0,0,0
49,"for example, a snap may be sent to just a single friend you select, but your my story content may be seen by any snapchatter whom you allow to see your my story.with all snapchatters, our business partners, and the general public.",0,0,0,0,0,0,0,0,0,0,0,0,0,0,0,0,0,0,0,1,0,0,0,0,0,0,0,0,1,0,0,0,0,0,0,0,0,0,0,0,0,0,0,0,0,0,0,0,0
50,"for example, a snap may be sent to just a single friend you select, but your my story content may be seen by any snapchatter whom you allow to see your my story.with all snapchatters, our business partners, and the general public.",0,0,0,0,0,0,0,0,0,0,0,0,0,0,0,0,0,0,0,1,0,0,0,0,0,0,0,0,1,0,0,0,0,0,0,0,0,0,0,0,0,0,0,0,0,0,0,0,0
51,"for example, a snap may be sent to just a single friend you select, but your my story content may be seen by any snapchatter whom you allow to see your my story.with all snapchatters, our business partners, and the general public.",0,0,0,0,0,0,0,0,0,0,0,0,0,0,0,0,0,0,0,1,0,0,0,0,0,0,0,0,1,0,0,0,0,0,0,0,0,0,0,0,0,0,0,0,0,0,0,0,0
52,"we may share the following information with all snapchatters as well as with our business partners and the general public:public information like your name, username, snapcode and profile pictures.story submissions that are set to be viewable by everyone and any content that you submit to an inherently public service, like our story and other crowd-sourced services.",0,0,0,0,0,0,0,0,0,0,0,0,0,0,0,0,0,0,0,1,0,0,0,0,0,0,0,0,1,0,0,0,0,0,0,0,0,0,1,0,0,0,0,0,0,0,0,0,0
53,"we may share the following information with all snapchatters as well as with our business partners and the general public:public information like your name, username, snapcode and profile pictures.story submissions that are set to be viewable by everyone and any content that you submit to an inherently public service, like our story and other crowd-sourced services.",0,0,0,0,0,0,0,0,0,0,0,0,0,0,0,0,0,0,0,1,0,0,0,0,0,0,0,0,1,0,0,0,0,0,0,0,0,0,1,0,0,0,0,0,0,0,0,0,0
54,"we may share the following information with all snapchatters as well as with our business partners and the general public:public information like your name, username, snapcode and profile pictures.story submissions that are set to be viewable by everyone and any content that you submit to an inherently public service, like our story and other crowd-sourced services.",0,0,0,0,0,0,0,0,0,0,0,0,0,0,0,0,0,0,0,1,0,0,0,0,0,0,0,0,1,0,0,0,0,0,0,0,0,0,1,0,0,0,0,0,0,0,0,0,0
55,"this content may be viewed and shared by the public at large both on and off our services, including through search results, on websites, in apps, and in online and offline broadcasts.with our affiliates.",0,0,0,0,0,0,0,0,0,0,0,0,0,0,0,0,0,0,0,0,0,0,0,0,0,0,0,0,1,0,0,0,0,0,0,0,0,0,0,0,0,0,0,0,0,0,0,0,0
56,we may share information with entities within the snap inc. family of companies.with third parties.,0,0,0,0,0,0,0,0,0,0,0,0,0,0,0,0,0,0,0,0,0,0,0,0,0,0,0,0,1,0,0,0,0,0,0,0,0,0,0,0,0,0,0,0,0,0,0,0,0
57,"we may share information about you with service providers who perform services on our behalf, including to measure and optimize the performance of ads and deliver more relevant ads, including on third-party websites and apps.",0,0,0,0,0,0,0,0,0,0,0,0,0,0,0,0,0,0,0,0,0,0,0,0,0,0,0,0,1,0,0,0,0,0,0,0,0,0,0,0,0,0,0,0,0,0,0,0,0
58,learn more here.we may share information about you with business partners that provide services and functionality on our services.,0,0,0,0,0,0,0,0,0,0,0,0,0,0,0,0,0,0,0,0,0,0,0,0,0,0,0,0,1,0,0,0,0,0,0,0,0,0,0,0,0,0,0,0,0,0,0,0,0
59,"for more information about information collected by third parties on our services, visit our support site.we may share information about you, such as device and usage information, to help us and others prevent fraud.we may share information about you for legal, safety, and security reasons.",0,0,0,0,0,0,0,0,0,0,0,0,0,0,0,0,0,0,0,0,0,0,0,0,0,0,0,0,1,0,0,0,0,0,0,0,0,0,0,0,0,0,0,0,0,0,0,0,0
60,"for more information about information collected by third parties on our services, visit our support site.we may share information about you, such as device and usage information, to help us and others prevent fraud.we may share information about you for legal, safety, and security reasons.",0,0,0,0,0,0,0,0,0,0,0,0,0,0,0,0,0,0,0,0,0,0,0,0,0,0,0,0,1,0,0,0,0,0,0,0,0,0,0,0,0,0,0,0,0,0,0,0,0
61,"we may share information about you if we reasonably believe that disclosing the information is needed to:comply with any valid legal process, governmental request, or applicable law, rule, or regulation.investigate, remedy, or enforce potential terms of service violations.protect the rights, property, or safety of us, our users, or others.detect and resolve any fraud or security concerns.we may share information about you as part of a merger or acquisition.",0,0,0,0,0,0,0,0,0,0,0,0,0,0,0,0,0,0,0,0,0,0,0,0,0,0,0,0,1,0,0,0,0,0,0,0,0,0,0,0,0,0,0,0,0,0,0,0,0
62,"we may share information about you if we reasonably believe that disclosing the information is needed to:comply with any valid legal process, governmental request, or applicable law, rule, or regulation.investigate, remedy, or enforce potential terms of service violations.protect the rights, property, or safety of us, our users, or others.detect and resolve any fraud or security concerns.we may share information about you as part of a merger or acquisition.",0,0,0,0,0,0,0,0,0,0,0,0,0,0,0,0,0,0,0,0,0,0,0,0,0,0,0,0,1,0,0,0,0,0,0,0,0,0,0,0,0,0,0,0,0,0,0,0,0
63,"if snap inc. gets involved in a merger, asset sale, financing, liquidation or bankruptcy, or acquisition of all or some portion of our business to another company, we may share your information with that company before and after the transaction closes.we may also share with third parties that provide services to us or perform business purposes for us aggregated, non-personally identifiable, or de-identified information.third-party content and integrationsour services may contain third-party content and integrations.",0,0,0,0,0,0,0,0,0,0,0,0,0,0,0,0,0,0,0,0,0,0,0,0,0,0,0,0,1,0,0,0,0,0,0,0,0,0,0,0,1,0,0,0,0,0,0,0,0
64,"if snap inc. gets involved in a merger, asset sale, financing, liquidation or bankruptcy, or acquisition of all or some portion of our business to another company, we may share your information with that company before and after the transaction closes.we may also share with third parties that provide services to us or perform business purposes for us aggregated, non-personally identifiable, or de-identified information.third-party content and integrationsour services may contain third-party content and integrations.",0,0,0,0,0,0,0,0,0,0,0,0,0,0,0,0,0,0,0,0,0,0,0,0,0,0,0,0,1,0,0,0,0,0,0,0,0,0,0,0,1,0,0,0,0,0,0,0,0
65,"if snap inc. gets involved in a merger, asset sale, financing, liquidation or bankruptcy, or acquisition of all or some portion of our business to another company, we may share your information with that company before and after the transaction closes.we may also share with third parties that provide services to us or perform business purposes for us aggregated, non-personally identifiable, or de-identified information.third-party content and integrationsour services may contain third-party content and integrations.",0,0,0,0,0,0,0,0,0,0,0,0,0,0,0,0,0,0,0,0,0,0,0,0,0,0,0,0,1,0,0,0,0,0,0,0,0,0,0,0,1,0,0,0,0,0,0,0,0
66,"if snap inc. gets involved in a merger, asset sale, financing, liquidation or bankruptcy, or acquisition of all or some portion of our business to another company, we may share your information with that company before and after the transaction closes.we may also share with third parties that provide services to us or perform business purposes for us aggregated, non-personally identifiable, or de-identified information.third-party content and integrationsour services may contain third-party content and integrations.",0,0,0,0,0,0,0,0,0,0,0,0,0,0,0,0,0,0,0,0,0,0,0,0,0,0,0,0,1,0,0,0,0,0,0,0,0,0,0,0,1,0,0,0,0,0,0,0,0
67,"examples include third-party integrations in camera search, third-party games in chat, and third-party snap kit integrations.",0,0,0,0,0,0,0,0,0,0,0,0,0,0,0,0,0,0,0,0,0,0,0,0,0,0,0,0,0,0,0,0,0,0,0,0,0,0,0,0,0,0,0,0,0,0,1,0,0
68,"through these integrations, you may be providing information to the third party as well as to snap.",0,0,0,0,0,0,0,0,0,0,0,0,0,0,0,0,0,0,0,0,0,0,0,0,0,0,0,0,1,0,0,0,0,0,0,0,0,0,0,0,0,0,0,0,0,0,0,0,0
69,you can learn more about third-party services in snapchat,0,0,0,0,0,0,0,0,0,0,0,0,0,0,0,0,0,0,0,0,0,0,0,0,0,0,0,0,0,0,1,0,0,0,0,0,0,0,0,0,0,0,0,0,0,0,0,0,0
70,"on our end, that means most messages—like snaps and chats—sent in snapchat will be automatically deleted by default from our servers after we detect they’ve been opened by all recipients or have expired.",0,0,0,0,0,0,0,0,0,0,0,0,0,0,0,0,0,0,0,0,0,0,0,0,0,0,0,0,0,0,0,0,0,0,0,0,0,0,0,0,0,1,0,0,0,0,0,0,0
71,"for example, if you use the map, we store information about your favorite places for up to 40 days so we can personalize and improve your experience.",0,0,0,0,0,0,0,0,0,0,0,0,0,0,0,0,0,0,0,0,0,0,0,0,0,0,0,0,0,0,1,0,0,0,0,0,0,0,0,0,0,0,0,0,0,0,0,0,0
72,"if location information is associated with a snap—like those saved to memories or posted to our story—we’ll retain that location as long as we store the snap.we’re constantly collecting and updating information about the things you might like and dislike, so we can provide you with more relevant content and advertisements.",0,0,0,0,0,0,0,0,0,0,0,0,0,0,0,0,0,0,0,0,0,0,0,0,0,0,0,0,0,1,1,0,0,0,0,0,0,0,0,0,0,0,0,0,0,0,0,0,0
73,"if location information is associated with a snap—like those saved to memories or posted to our story—we’ll retain that location as long as we store the snap.we’re constantly collecting and updating information about the things you might like and dislike, so we can provide you with more relevant content and advertisements.",0,0,0,0,0,0,0,0,0,0,0,0,0,0,0,0,0,0,0,0,0,0,0,0,0,0,0,0,0,1,1,0,0,0,0,0,0,0,0,0,0,0,0,0,0,0,0,0,0
74,"go here to learn more.if you ever decide to stop using snapchat, you can just ask us to delete your account.",0,0,0,0,0,0,0,0,0,0,0,0,0,0,0,0,0,0,0,0,0,0,0,0,0,0,0,0,0,0,1,0,0,0,0,0,0,0,0,0,0,0,0,0,0,0,0,0,0
75,"we’ll also delete most of the information we’ve collected about you after you’ve been inactive for a while—but don’t worry, we’ll try to contact you first!keep in mind that, while our systems are designed to carry out our deletion practices automatically, we cannot promise that deletion will occur within a specific timeframe.",0,0,0,0,0,0,0,0,0,0,0,0,0,0,0,0,0,0,0,0,0,0,0,0,0,0,0,0,0,0,1,0,0,0,0,0,0,0,0,0,0,1,0,0,0,0,0,0,0
76,"we’ll also delete most of the information we’ve collected about you after you’ve been inactive for a while—but don’t worry, we’ll try to contact you first!keep in mind that, while our systems are designed to carry out our deletion practices automatically, we cannot promise that deletion will occur within a specific timeframe.",0,0,0,0,0,0,0,0,0,0,0,0,0,0,0,0,0,0,0,0,0,0,0,0,0,0,0,0,0,0,1,0,0,0,0,0,0,0,0,0,0,1,0,0,0,0,0,0,0
77,"there may be legal requirements to store your data and we may need to suspend those deletion practices if we receive valid legal process asking us to preserve content, if we receive reports of abuse or other terms of service violations, or if your account or content created by you is flagged by our automated systems for abuse or other terms of service violations.",0,0,0,0,0,0,0,0,0,0,0,0,0,0,0,0,0,0,0,0,0,0,0,0,0,0,0,0,1,0,0,0,0,0,0,0,0,0,0,0,0,0,0,0,0,0,0,0,0
78,"there may be legal requirements to store your data and we may need to suspend those deletion practices if we receive valid legal process asking us to preserve content, if we receive reports of abuse or other terms of service violations, or if your account or content created by you is flagged by our automated systems for abuse or other terms of service violations.",0,0,0,0,0,0,0,0,0,0,0,0,0,0,0,0,0,0,0,0,0,0,0,0,0,0,0,0,1,0,0,0,0,0,0,0,0,0,0,0,0,0,0,0,0,0,0,0,0
79,"finally, we may also retain certain information in backup for a limited period of time or as required by law.control over your informationwe want you to be in control of your information, so we provide you with the following tools.access, correction, and portability.",0,0,0,0,0,0,0,0,0,0,0,0,0,0,0,0,0,0,0,0,0,0,0,0,0,0,0,0,1,0,0,0,0,0,0,0,0,1,0,0,0,0,0,0,0,0,0,0,0
80,"finally, we may also retain certain information in backup for a limited period of time or as required by law.control over your informationwe want you to be in control of your information, so we provide you with the following tools.access, correction, and portability.",0,0,0,0,0,0,0,0,0,0,0,0,0,0,0,0,0,0,0,0,0,0,0,0,0,0,0,0,1,0,0,0,0,0,0,0,0,1,0,0,0,0,0,0,0,0,0,0,0
81,you can access and edit most of your basic account information right in our apps.,0,0,0,0,0,0,0,0,0,0,0,0,0,0,0,0,0,0,0,0,0,0,0,0,0,0,0,0,0,0,1,0,0,0,0,0,0,0,0,0,0,1,0,0,0,0,0,0,0
82,you can access and edit most of your basic account information right in our apps.,0,0,0,0,0,0,0,0,0,0,0,0,0,0,0,0,0,0,0,0,0,0,0,0,0,0,0,0,0,0,1,0,0,0,0,0,0,0,0,0,0,1,0,0,0,0,0,0,0
83,"you can also use download my data to obtain a copy of information that isn’t available in our apps in a portable format, so you can move it or store it wherever you want.",0,0,0,0,0,0,0,0,0,0,0,0,0,0,0,0,0,0,0,0,0,0,0,0,0,0,0,0,0,0,1,0,0,0,0,0,0,0,0,0,0,0,0,0,0,0,0,0,0
84,"you can also use download my data to obtain a copy of information that isn’t available in our apps in a portable format, so you can move it or store it wherever you want.",0,0,0,0,0,0,0,0,0,0,0,0,0,0,0,0,0,0,0,0,0,0,0,0,0,0,0,0,0,0,1,0,0,0,0,0,0,0,0,0,0,0,0,0,0,0,0,0,0
85,"we may also reject your request to access or update your personal information for a number of reasons, including, for example, if the request risks the privacy of other users or is unlawful.revoking permissions.",0,0,0,0,0,0,0,0,0,0,0,0,0,0,0,0,0,0,0,0,0,0,0,0,0,0,0,0,1,0,0,0,0,0,0,0,0,0,0,0,0,0,0,0,0,0,0,0,0
86,"in most cases, if you let us use your information, you can simply revoke your permission by changing the settings in the app or on your device if your device offers those options.",0,0,0,0,0,0,0,0,0,0,0,0,0,0,0,0,0,0,0,0,0,0,0,0,0,0,0,0,0,0,1,0,0,0,0,0,0,0,0,0,0,1,0,0,0,0,0,0,0
87,"in most cases, if you let us use your information, you can simply revoke your permission by changing the settings in the app or on your device if your device offers those options.",0,0,0,0,0,0,0,0,0,0,0,0,0,0,0,0,0,0,0,0,0,0,0,0,0,0,0,0,0,0,1,0,0,0,0,0,0,0,0,0,0,1,0,0,0,0,0,0,0
88,"of course, if you do that, certain services may lose full functionality.deletion.",0,0,0,0,0,0,0,0,0,0,0,0,0,0,0,0,0,0,0,0,0,0,0,0,0,0,0,0,1,0,0,0,0,0,0,0,0,1,0,0,0,0,0,0,0,0,0,0,0
89,"of course, if you do that, certain services may lose full functionality.deletion.",0,0,0,0,0,0,0,0,0,0,0,0,0,0,0,0,0,0,0,0,0,0,0,0,0,0,0,0,1,0,0,0,0,0,0,0,0,1,0,0,0,0,0,0,0,0,0,0,0
90,"while we hope you’ll remain a lifelong snapchatter, if for some reason you ever want to delete your account, just go here to learn how.",0,0,0,0,0,0,0,0,0,0,0,0,0,0,0,0,0,0,0,0,0,0,0,0,0,0,0,0,0,0,0,0,0,0,0,0,0,0,0,0,1,0,0,0,0,0,0,0,0
91,"you can also delete some information in the app, like photos you’ve saved to memories, our story submissions, and search history.advertising preferences.",0,0,0,0,0,0,0,0,0,0,0,0,0,0,0,0,0,0,0,0,0,0,0,0,0,0,0,0,0,0,1,0,0,0,0,0,0,0,0,0,1,0,0,0,0,0,0,0,0
92,"you can also delete some information in the app, like photos you’ve saved to memories, our story submissions, and search history.advertising preferences.",0,0,0,0,0,0,0,0,0,0,0,0,0,0,0,0,0,0,0,0,0,0,0,0,0,0,0,0,0,0,1,0,0,0,0,0,0,0,0,0,1,0,0,0,0,0,0,0,0
93,"if you would like to modify the information we and our advertising partners use to select these ads, you can do so in the app and through your device preferences.",0,0,0,0,0,0,0,0,0,0,0,0,0,0,0,0,0,0,0,0,0,0,0,0,0,0,0,0,0,0,1,0,1,0,0,0,0,0,0,0,0,0,0,0,0,0,0,0,0
94,"if you would like to modify the information we and our advertising partners use to select these ads, you can do so in the app and through your device preferences.",0,0,0,0,0,0,0,0,0,0,0,0,0,0,0,0,0,0,0,0,0,0,0,0,0,0,0,0,0,0,1,0,1,0,0,0,0,0,0,0,0,0,0,0,0,0,0,0,0
95,"here is some additional information we would like to bring to your attention:rights of access, deletion, correction, and portabilityyou can exercise your rights of access, deletion, correction, and portability as described in the control over your information section above.bases for using your informationyour country only allows us to use your personal information when certain conditions apply.",0,0,0,0,0,0,0,0,0,0,0,0,0,0,0,0,0,0,0,0,0,0,0,0,0,0,0,0,0,0,1,0,1,0,0,0,0,1,0,0,1,0,0,0,0,0,0,0,0
96,"here is some additional information we would like to bring to your attention:rights of access, deletion, correction, and portabilityyou can exercise your rights of access, deletion, correction, and portability as described in the control over your information section above.bases for using your informationyour country only allows us to use your personal information when certain conditions apply.",0,0,0,0,0,0,0,0,0,0,0,0,0,0,0,0,0,0,0,0,0,0,0,0,0,0,0,0,0,0,1,0,1,0,0,0,0,1,0,0,1,0,0,0,0,0,0,0,0
97,"here is some additional information we would like to bring to your attention:rights of access, deletion, correction, and portabilityyou can exercise your rights of access, deletion, correction, and portability as described in the control over your information section above.bases for using your informationyour country only allows us to use your personal information when certain conditions apply.",0,0,0,0,0,0,0,0,0,0,0,0,0,0,0,0,0,0,0,0,0,0,0,0,0,0,0,0,0,0,1,0,1,0,0,0,0,1,0,0,1,0,0,0,0,0,0,0,0
98,"here is some additional information we would like to bring to your attention:rights of access, deletion, correction, and portabilityyou can exercise your rights of access, deletion, correction, and portability as described in the control over your information section above.bases for using your informationyour country only allows us to use your personal information when certain conditions apply.",0,0,0,0,0,0,0,0,0,0,0,0,0,0,0,0,0,0,0,0,0,0,0,0,0,0,0,0,0,0,1,0,1,0,0,0,0,1,0,0,1,0,0,0,0,0,0,0,0
99,"these conditions are called “legal bases” and, at snap, we typically rely on one of four:contract.",0,0,0,0,0,0,0,0,0,0,0,0,0,0,0,0,0,0,0,0,0,0,0,1,0,0,0,0,0,0,0,0,0,0,0,0,0,0,0,0,0,0,0,0,0,0,0,0,0
100,one reason we might use your information is because you’ve entered into an agreement with us.,0,0,0,0,0,0,0,0,0,0,0,0,0,0,0,0,0,0,0,0,0,0,0,0,0,0,0,0,0,1,0,0,0,0,0,0,0,0,0,0,0,0,0,0,0,0,0,0,0
101,"for example, when you buy an on-demand geofilter and accepted our custom creative tools terms, we need to use some of your information to collect payment and make sure we show your geofilter to the right people at the right place and time.legitimate interest.",0,0,0,0,0,0,0,0,0,0,0,0,0,0,0,0,0,0,0,0,0,0,0,0,0,0,0,0,0,0,0,0,0,0,0,0,0,0,0,0,1,0,0,0,0,0,0,0,0
102,another reason we might use your information is because we have—or a third party has—a legitimate interest in doing so.,0,0,0,0,0,0,0,0,0,0,0,0,0,0,0,0,0,0,0,0,0,0,0,0,0,0,0,0,0,1,0,0,0,0,0,0,0,0,0,0,0,0,0,0,0,0,0,0,0
103,"because most of our services are free, we also use some information about you to try and show you ads",0,0,0,0,0,0,0,0,0,0,0,0,0,0,0,0,0,0,0,0,0,0,0,0,0,0,0,0,0,0,0,0,0,0,0,0,0,0,0,0,1,1,0,0,0,0,0,0,0
104,"because most of our services are free, we also use some information about you to try and show you ads",0,0,0,0,0,0,0,0,0,0,0,0,0,0,0,0,0,0,0,0,0,0,0,0,0,0,0,0,0,0,0,0,0,0,0,0,0,0,0,0,1,1,0,0,0,0,0,0,0
105,"an important point to understand about legitimate interest is that our interests don’t outweigh your right to privacy, so we only rely on legitimate interest when we think the way we are using your data doesn’t significantly impact your privacy or would be expected by you, or there is a compelling reason to do so.",0,0,0,0,0,0,0,0,0,0,0,0,0,0,0,0,0,0,0,0,0,0,0,0,0,0,0,0,0,0,0,0,1,0,0,0,0,0,0,0,0,0,0,0,0,0,0,0,0
106,in some cases we’ll ask for consent to use your information for specific purposes.,0,0,0,0,0,0,0,0,0,0,0,0,0,0,0,0,0,0,0,0,0,0,0,0,0,0,0,0,0,0,0,0,0,0,0,0,0,0,0,0,1,0,0,0,0,0,0,0,0
107,"if we do, we’ll make sure you can revoke your consent in our services or through your device permissions.",0,0,0,0,0,0,0,0,0,0,0,0,0,0,0,0,0,0,0,0,0,0,0,0,0,0,0,0,0,0,1,0,0,0,0,0,0,0,0,0,0,0,0,0,0,0,0,0,0
108,"even if we’re not relying on consent to use your information, we may ask you for permission to access data like contacts and location.legal obligation.",0,0,0,0,0,0,0,0,0,0,0,0,0,0,0,0,0,0,0,0,0,0,0,0,0,0,0,0,1,0,0,0,0,0,0,0,0,0,0,0,0,0,0,0,0,0,0,0,0
109,"we may be required to use your personal information to comply with the law, like when we respond to valid legal process or need to take action to protect our users.",0,0,0,0,0,0,0,0,0,0,0,0,0,0,0,0,0,0,0,0,0,0,0,0,0,0,0,0,1,0,0,0,0,0,0,0,0,0,0,0,0,0,0,0,0,0,0,0,0
110,"our policy is to notify snapchatters when we receive legal process seeking their account information, with some exceptions.",0,0,0,0,0,0,0,0,0,0,0,0,0,0,0,0,0,0,0,0,0,0,0,0,0,0,0,0,0,0,0,0,0,0,0,0,0,0,0,0,1,0,0,0,0,0,0,0,0
111,"with many types of data, we’ve provided you with the ability to simply delete it if you don’t want us processing it anymore.",0,0,0,0,0,0,0,0,0,0,0,0,0,0,0,0,0,0,0,0,0,0,0,0,0,0,0,0,0,0,0,0,0,0,0,0,0,0,0,0,0,0,0,0,1,0,0,0,0
112,you can do these things in the app.,0,0,0,0,0,0,0,0,0,0,0,0,0,0,0,0,0,0,0,0,0,0,0,0,0,0,0,0,0,0,1,0,0,0,0,0,0,0,0,0,0,0,0,0,0,0,0,0,0
113,"if there are other types of information you don’t agree with us processing, you can contact us.international transferswe may collect your personal information from, transfer it to, and store and process it in the united states and other countries outside of where you live.",0,0,0,0,0,0,0,0,0,0,0,0,0,0,0,0,0,0,0,0,0,0,0,0,0,0,0,0,1,0,1,0,0,0,0,0,0,0,0,0,0,0,0,0,0,0,0,0,0
114,"if there are other types of information you don’t agree with us processing, you can contact us.international transferswe may collect your personal information from, transfer it to, and store and process it in the united states and other countries outside of where you live.",0,0,0,0,0,0,0,0,0,0,0,0,0,0,0,0,0,0,0,0,0,0,0,0,0,0,0,0,1,0,1,0,0,0,0,0,0,0,0,0,0,0,0,0,0,0,0,0,0
115,you can find more information on the categories of third parties we share information with here.complaints?,0,0,0,0,0,0,0,0,0,0,0,0,0,0,0,0,0,0,0,0,0,0,0,0,0,0,0,0,0,0,1,0,0,0,0,0,0,0,0,0,0,0,0,0,0,0,0,0,0
116,"if you’re based in the eu, you can always file a complaint with the supervisory authority in your member state.users in brazilif",0,0,0,0,0,0,0,0,0,0,0,0,0,0,0,0,0,0,0,0,0,0,0,0,0,0,0,0,0,0,1,0,0,0,0,0,0,0,0,0,0,0,0,0,0,0,0,0,0
117,"here is some additional information we would like to bring to your attention:rights of access, deletion, correction, and portabilityyou can exercise your rights of access, deletion, correction, and portability as described in the control over your information section above.bases for using your informationyour country only allows us to use your personal information when certain conditions apply.",0,0,0,0,0,0,0,0,0,0,0,0,0,0,0,0,0,0,0,0,0,0,0,0,0,0,0,0,0,0,1,0,1,0,0,0,0,1,0,0,1,0,0,0,0,0,0,0,0
118,"here is some additional information we would like to bring to your attention:rights of access, deletion, correction, and portabilityyou can exercise your rights of access, deletion, correction, and portability as described in the control over your information section above.bases for using your informationyour country only allows us to use your personal information when certain conditions apply.",0,0,0,0,0,0,0,0,0,0,0,0,0,0,0,0,0,0,0,0,0,0,0,0,0,0,0,0,0,0,1,0,1,0,0,0,0,1,0,0,1,0,0,0,0,0,0,0,0
119,"here is some additional information we would like to bring to your attention:rights of access, deletion, correction, and portabilityyou can exercise your rights of access, deletion, correction, and portability as described in the control over your information section above.bases for using your informationyour country only allows us to use your personal information when certain conditions apply.",0,0,0,0,0,0,0,0,0,0,0,0,0,0,0,0,0,0,0,0,0,0,0,0,0,0,0,0,0,0,1,0,1,0,0,0,0,1,0,0,1,0,0,0,0,0,0,0,0
120,"here is some additional information we would like to bring to your attention:rights of access, deletion, correction, and portabilityyou can exercise your rights of access, deletion, correction, and portability as described in the control over your information section above.bases for using your informationyour country only allows us to use your personal information when certain conditions apply.",0,0,0,0,0,0,0,0,0,0,0,0,0,0,0,0,0,0,0,0,0,0,0,0,0,0,0,0,0,0,1,0,1,0,0,0,0,1,0,0,1,0,0,0,0,0,0,0,0
121,"these conditions are called “legal bases” and, at snap, we typically rely on one of four:contract.",0,0,0,0,0,0,0,0,0,0,0,0,0,0,0,0,0,0,0,0,0,0,0,1,0,0,0,0,0,0,0,0,0,0,0,0,0,0,0,0,0,0,0,0,0,0,0,0,0
122,one reason we might use your information is because you’ve entered into an agreement with us.,0,0,0,0,0,0,0,0,0,0,0,0,0,0,0,0,0,0,0,0,0,0,0,0,0,0,0,0,0,1,0,0,0,0,0,0,0,0,0,0,0,0,0,0,0,0,0,0,0
123,"for example, when you buy an on-demand geofilter and accepted our custom creative tools terms, we need to use some of your information to collect payment and make sure we show your geofilter to the right people at the right place and time.legitimate interest.",0,0,0,0,0,0,0,0,0,0,0,0,0,0,0,0,0,0,0,0,0,0,0,0,0,0,0,0,0,0,0,0,0,0,0,0,0,0,0,0,1,0,0,0,0,0,0,0,0
124,another reason we might use your information is because we have—or a third party has—a legitimate interest in doing so.,0,0,0,0,0,0,0,0,0,0,0,0,0,0,0,0,0,0,0,0,0,0,0,0,0,0,0,0,0,1,0,0,0,0,0,0,0,0,0,0,0,0,0,0,0,0,0,0,0
125,"because most of our services are free, we also use some information about you to try and show you ads",0,0,0,0,0,0,0,0,0,0,0,0,0,0,0,0,0,0,0,0,0,0,0,0,0,0,0,0,0,0,0,0,0,0,0,0,0,0,0,0,1,1,0,0,0,0,0,0,0
126,"because most of our services are free, we also use some information about you to try and show you ads",0,0,0,0,0,0,0,0,0,0,0,0,0,0,0,0,0,0,0,0,0,0,0,0,0,0,0,0,0,0,0,0,0,0,0,0,0,0,0,0,1,1,0,0,0,0,0,0,0
127,"an important point to understand about legitimate interest is that our interests don’t outweigh your right to privacy, so we only rely on legitimate interest when we think the way we are using your data doesn’t significantly impact your privacy or would be expected by you, or there is a compelling reason to do so.",0,0,0,0,0,0,0,0,0,0,0,0,0,0,0,0,0,0,0,0,0,0,0,0,0,0,0,0,0,0,0,0,1,0,0,0,0,0,0,0,0,0,0,0,0,0,0,0,0
128,in some cases we’ll ask for consent to use your information for specific purposes.,0,0,0,0,0,0,0,0,0,0,0,0,0,0,0,0,0,0,0,0,0,0,0,0,0,0,0,0,0,0,0,0,0,0,0,0,0,0,0,0,1,0,0,0,0,0,0,0,0
129,"if we do, we’ll make sure you can revoke your consent in our services or through your device permissions.",0,0,0,0,0,0,0,0,0,0,0,0,0,0,0,0,0,0,0,0,0,0,0,0,0,0,0,0,0,0,1,0,0,0,0,0,0,0,0,0,0,0,0,0,0,0,0,0,0
130,"even if we’re not relying on consent to use your information, we may ask you for permission to access data like contacts and location.legal obligation.",0,0,0,0,0,0,0,0,0,0,0,0,0,0,0,0,0,0,0,0,0,0,0,0,0,0,0,0,1,0,0,0,0,0,0,0,0,0,0,0,0,0,0,0,0,0,0,0,0
131,"we may be required to use your personal information to comply with the law, like when we respond to valid legal process or need to take action to protect our users.your right to objectyou have the right to object to our use of your information.",0,0,0,0,0,0,0,0,0,0,0,0,0,0,0,0,0,0,0,0,0,0,0,0,0,0,0,0,1,0,0,0,0,0,0,0,0,0,0,0,0,0,0,0,0,0,0,0,0
132,"with many types of data, we’ve provided you with the ability to simply delete it if you don’t want us processing it anymore.",0,0,0,0,0,0,0,0,0,0,0,0,0,0,0,0,0,0,0,0,0,0,0,0,0,0,0,0,0,0,0,0,0,0,0,0,0,0,0,0,0,0,0,0,1,0,0,0,0
133,you can do these things in the app.,0,0,0,0,0,0,0,0,0,0,0,0,0,0,0,0,0,0,0,0,0,0,0,0,0,0,0,0,0,0,1,0,0,0,0,0,0,0,0,0,0,0,0,0,0,0,0,0,0
134,"if there are other types of information you don’t agree with us processing, you can contact us.complaints?",0,0,0,0,0,0,0,0,0,0,0,0,0,0,0,0,0,0,0,0,0,0,0,0,0,0,0,0,0,0,1,0,0,0,0,0,0,0,0,0,0,0,0,0,0,0,0,0,0
135,you can always file a complaint with the national authority in your country.,0,0,0,0,0,0,0,0,0,0,0,0,0,0,0,0,0,0,0,0,0,0,0,0,0,0,0,0,0,0,1,0,0,0,0,0,0,0,0,0,0,0,0,0,0,0,0,0,0
136,"here is some additional information we would like to bring to your attention:rights of access, rectification, and cancellationyou can exercise your rights of access, rectification, and cancellation as described in the control over your information section",0,0,0,0,0,0,0,0,0,0,0,0,0,0,0,0,0,0,0,0,0,0,0,0,0,0,0,0,0,0,1,0,1,0,0,0,0,0,0,0,1,0,0,0,0,0,0,0,0
137,"here is some additional information we would like to bring to your attention:rights of access, rectification, and cancellationyou can exercise your rights of access, rectification, and cancellation as described in the control over your information section",0,0,0,0,0,0,0,0,0,0,0,0,0,0,0,0,0,0,0,0,0,0,0,0,0,0,0,0,0,0,1,0,1,0,0,0,0,0,0,0,1,0,0,0,0,0,0,0,0
138,"here is some additional information we would like to bring to your attention:rights of access, rectification, and cancellationyou can exercise your rights of access, rectification, and cancellation as described in the control over your information section",0,0,0,0,0,0,0,0,0,0,0,0,0,0,0,0,0,0,0,0,0,0,0,0,0,0,0,0,0,0,1,0,1,0,0,0,0,0,0,0,1,0,0,0,0,0,0,0,0
139,"with many types of data, we’ve provided you with the ability to simply delete it if you don’t want us processing it anymore.",0,0,0,0,0,0,0,0,0,0,0,0,0,0,0,0,0,0,0,0,0,0,0,0,0,0,0,0,0,0,0,0,0,0,0,0,0,0,0,0,0,0,0,0,1,0,0,0,0
140,you can do these things in the app.,0,0,0,0,0,0,0,0,0,0,0,0,0,0,0,0,0,0,0,0,0,0,0,0,0,0,0,0,0,0,1,0,0,0,0,0,0,0,0,0,0,0,0,0,0,0,0,0,0
141,"if there are other types of information you don’t agree with us processing, you can contact us.california residentsif you’re a california resident, you have certain privacy rights under california law, including the california consumer privacy act of 2018 (“ccpa”).",0,0,0,0,0,0,0,0,0,0,0,0,0,0,0,0,0,0,0,0,0,0,0,0,0,0,0,0,0,0,1,0,0,0,0,0,0,1,0,0,0,0,0,0,0,0,0,0,0
142,"if there are other types of information you don’t agree with us processing, you can contact us.california residentsif you’re a california resident, you have certain privacy rights under california law, including the california consumer privacy act of 2018 (“ccpa”).",0,0,0,0,0,0,0,0,0,0,0,0,0,0,0,0,0,0,0,0,0,0,0,0,0,0,0,0,0,0,1,0,0,0,0,0,0,1,0,0,0,0,0,0,0,0,0,0,0
143,services are not intended for—and we don’t direct them to—anyone under 13.,0,0,0,0,0,0,0,0,0,0,0,0,0,0,0,0,0,0,0,0,0,0,0,0,0,0,0,0,0,0,0,0,0,0,0,0,1,0,0,0,0,0,0,0,0,0,0,0,0
144,and that’s why we do not knowingly collect personal information from anyone under 13.,0,0,0,0,0,0,0,0,0,0,0,0,0,0,0,0,0,0,0,0,0,0,0,0,0,0,0,0,0,0,0,0,0,0,0,0,1,0,0,0,0,0,0,0,0,0,0,0,0
145,"in addition, we may limit how we collect, use, and store some of the information of eu users between 13 and 16.",0,0,0,0,0,0,0,0,0,0,0,0,0,0,0,0,0,0,0,0,0,0,0,0,0,0,0,0,1,0,0,0,0,0,0,0,0,0,0,0,1,0,0,0,0,0,0,0,0
146,"in addition, we may limit how we collect, use, and store some of the information of eu users between 13 and 16.",0,0,0,0,0,0,0,0,0,0,0,0,0,0,0,0,0,0,0,0,0,0,0,0,0,0,0,0,1,0,0,0,0,0,0,0,0,0,0,0,1,0,0,0,0,0,0,0,0
147,"in some cases, this means we will be unable to provide certain functionality to these users.",0,0,0,0,0,0,0,0,0,0,0,0,0,0,0,0,0,0,0,0,0,0,0,0,0,0,0,0,0,0,0,0,0,0,0,0,0,1,0,0,1,0,0,0,0,0,0,0,0
148,"in some cases, this means we will be unable to provide certain functionality to these users.",0,0,0,0,0,0,0,0,0,0,0,0,0,0,0,0,0,0,0,0,0,0,0,0,0,0,0,0,0,0,0,0,0,0,0,0,0,1,0,0,1,0,0,0,0,0,0,0,0
149,"if we need to rely on consent as a legal basis for processing your information and your country requires consent from a parent, we may require your parent’s consent before we collect and use that information.revisions to the privacy policywe may change this privacy policy from_time_to_time .",0,0,0,0,0,0,0,0,0,0,0,0,0,0,0,1,0,0,0,0,0,0,0,0,0,0,0,0,1,0,0,0,0,0,0,0,0,0,0,0,0,0,0,0,0,0,0,0,0
150,"if we need to rely on consent as a legal basis for processing your information and your country requires consent from a parent, we may require your parent’s consent before we collect and use that information.revisions to the privacy policywe may change this privacy policy from_time_to_time .",0,0,0,0,0,0,0,0,0,0,0,0,0,0,0,1,0,0,0,0,0,0,0,0,0,0,0,0,1,0,0,0,0,0,0,0,0,0,0,0,0,0,0,0,0,0,0,0,0
151,"if we need to rely on consent as a legal basis for processing your information and your country requires consent from a parent, we may require your parent’s consent before we collect and use that information.revisions to the privacy policywe may change this privacy policy from_time_to_time .",0,0,0,0,0,0,0,0,0,0,0,0,0,0,0,1,0,0,0,0,0,0,0,0,0,0,0,0,1,0,0,0,0,0,0,0,0,0,0,0,0,0,0,0,0,0,0,0,0
152,"sometimes, we’ll let you know by revising the date at the top of the privacy policy that’s available on our website and mobile application.",0,0,0,0,0,0,0,0,0,0,0,0,0,0,1,0,0,0,0,0,0,0,0,0,0,0,0,0,0,0,0,0,0,0,0,0,0,0,0,0,0,0,0,0,0,0,0,0,0
153,"other times, we may provide you with additional notice (such as adding a statement to our websites’ homepages or providing you with an in-app notification).",0,0,0,0,0,0,0,0,0,0,0,0,0,0,0,0,0,0,0,0,0,0,0,0,0,0,0,0,1,0,0,0,0,0,0,0,0,0,0,0,0,0,0,0,0,0,0,0,0
